table_name,source_file,id,company_id,year,sales,expenses,operating_profit,opm_percentage,other_income,interest,depreciation,profit_before_tax,tax_percentage,net_profit,eps,dividend_payout,equity_capital,reserves,borrowings,other_liabilities,total_liabilities,fixed_assets,cwip,investments,other_asset,total_assets,operating_activity,investing_activity,financing_activity,net_cash_flow,compounded_sales_growth,compounded_profit_growth,stock_price_cagr,roe,annual_report,pros,cons,net_profit_margin_pct,operating_profit_margin_pct,return_on_equity_pct,debt_to_equity,interest_coverage,asset_turnover,free_cash_flow_cr,capex_cr,earnings_per_share,book_value_per_share,dividend_payout_ratio_pct,total_debt_cr,cash_from_operations_cr
profitandloss,profitandloss.xlsx,1263,ULTRACEMCO,2013,20514,15674,4839,24,304,252,1023,3867,30,2688,98,9,,,,,,,,,,,,,,,,,,,,,,,,,,,,,,,,,,
profitandloss,profitandloss.xlsx,1264,ULTRACEMCO,2014,20730,16695,4035,19,322,361,1139,2858,23,2213,80,11,,,,,,,,,,,,,,,,,,,,,,,,,,,,,,,,,,
profitandloss,profitandloss.xlsx,1265,ULTRACEMCO,2015,23306,18881,4425,19,350,587,1203,2986,30,2102,76,12,,,,,,,,,,,,,,,,,,,,,,,,,,,,,,,,,,
profitandloss,profitandloss.xlsx,1266,ULTRACEMCO,2016,25153,20252,4901,19,464,566,1377,3421,28,2480,90,11,,,,,,,,,,,,,,,,,,,,,,,,,,,,,,,,,,
profitandloss,profitandloss.xlsx,1267,ULTRACEMCO,2017,25375,20162,5212,21,648,640,1348,3872,30,2714,99,10,,,,,,,,,,,,,,,,,,,,,,,,,,,,,,,,,,
profitandloss,profitandloss.xlsx,1268,ULTRACEMCO,2018,30979,24834,6145,20,242,1238,1848,3301,33,2224,81,13,,,,,,,,,,,,,,,,,,,,,,,,,,,,,,,,,,
profitandloss,profitandloss.xlsx,1269,ULTRACEMCO,2019,41462,34115,7347,18,350,1778,2451,3468,31,2400,88,13,,,,,,,,,,,,,,,,,,,,,,,,,,,,,,,,,,
profitandloss,profitandloss.xlsx,1270,ULTRACEMCO,2020,42430,33184,9246,22,651,1992,2723,5183,-11,5751,199,7,,,,,,,,,,,,,,,,,,,,,,,,,,,,,,,,,,
profitandloss,profitandloss.xlsx,1271,ULTRACEMCO,2021,44726,33158,11568,26,619,1486,2700,8001,32,5462,189,20,,,,,,,,,,,,,,,,,,,,,,,,,,,,,,,,,,
profitandloss,profitandloss.xlsx,1272,ULTRACEMCO,2022,52599,41084,11514,22,669,945,2715,8524,14,7334,254,15,,,,,,,,,,,,,,,,,,,,,,,,,,,,,,,,,,
profitandloss,profitandloss.xlsx,1273,ULTRACEMCO,2023,63240,52620,10620,17,507,823,2888,7416,32,5073,175,22,,,,,,,,,,,,,,,,,,,,,,,,,,,,,,,,,,
profitandloss,profitandloss.xlsx,1274,ULTRACEMCO,2024,70908,57940,12969,18,567,968,3145,9422,26,7004,243,29,,,,,,,,,,,,,,,,,,,,,,,,,,,,,,,,,,
profitandloss,profitandloss.xlsx,1275,ULTRACEMCO,TTM,71317,59261,12056,17,739,1216,3478,8101,,6252,216,,,,,,,,,,,,,,,,,,,,,,,,,,,,,,,,,,,
profitandloss,profitandloss.xlsx,1276,UNIONBANK,2013,25169,7268,325,1,2868,17575,156,3037,30,2146,36,22,,,,,,,,,,,,,,,,,,,,,,,,,,,,,,,,,,
profitandloss,profitandloss.xlsx,1277,UNIONBANK,2014,29394,8829,-902,-3,3141,21467,198,2040,18,1687,27,15,,,,,,,,,,,,,,,,,,,,,,,,,,,,,,,,,,
profitandloss,profitandloss.xlsx,1278,UNIONBANK,2015,32164,9498,-973,-3,3957,23640,225,2759,36,1771,28,22,,,,,,,,,,,,,,,,,,,,,,,,,,,,,,,,,,
profitandloss,profitandloss.xlsx,1279,UNIONBANK,2016,32316,10349,-1928,-6,3934,23894,249,1758,24,1347,20,10,,,,,,,,,,,,,,,,,,,,,,,,,,,,,,,,,,
profitandloss,profitandloss.xlsx,1280,UNIONBANK,2017,32817,13871,-4830,-15,5430,23771,241,359,-58,573,8,0,,,,,,,,,,,,,,,,,,,,,,,,,,,,,,,,,,
profitandloss,profitandloss.xlsx,1281,UNIONBANK,2018,32952,21181,-11700,-36,5462,23471,368,-6607,-21,-5212,-45,0,,,,,,,,,,,,,,,,,,,,,,,,,,,,,,,,,,
profitandloss,profitandloss.xlsx,1282,UNIONBANK,2019,34314,19019,-8601,-25,5042,23896,374,-3933,-25,-2922,-17,0,,,,,,,,,,,,,,,,,,,,,,,,,,,,,,,,,,
profitandloss,profitandloss.xlsx,1283,UNIONBANK,2020,37479,21166,-9523,-25,5789,25837,417,-4151,-27,-3121,-9,0,,,,,,,,,,,,,,,,,,,,,,,,,,,,,,,,,,
profitandloss,profitandloss.xlsx,1284,UNIONBANK,2021,69311,36270,-11071,-16,14307,44112,908,2327,-22,2863,4,0,,,,,,,,,,,,,,,,,,,,,,,,,,,,,,,,,,
profitandloss,profitandloss.xlsx,1285,UNIONBANK,2022,68230,32264,-4213,-6,13524,40178,745,8566,39,5265,8,25,,,,,,,,,,,,,,,,,,,,,,,,,,,,,,,,,,
profitandloss,profitandloss.xlsx,1286,UNIONBANK,2023,81163,36155,-3024,-4,15915,48033,745,12147,31,8512,12,24,,,,,,,,,,,,,,,,,,,,,,,,,,,,,,,,,,
profitandloss,profitandloss.xlsx,1287,UNIONBANK,2024,100376,32422,4590,5,17813,63364,895,21508,36,13797,18,20,,,,,,,,,,,,,,,,,,,,,,,,,,,,,,,,,,
profitandloss,profitandloss.xlsx,1288,UNIONBANK,TTM,107058,35514,2090,2,20440,69454,0,22530,,16344,21,,,,,,,,,,,,,,,,,,,,,,,,,,,,,,,,,,,
profitandloss,profitandloss.xlsx,1289,UNITDSPR,2013,10378,9287,1091,11,146,985,178,73,99,-105,-2,-31,,,,,,,,,,,,,,,,,,,,,,,,,,,,,,,,,,
profitandloss,profitandloss.xlsx,1290,UNITDSPR,2014,10508,13876,-3368,-32,681,1323,203,-4213,7,-4489,-62,0,,,,,,,,,,,,,,,,,,,,,,,,,,,,,,,,,,
profitandloss,profitandloss.xlsx,1291,UNITDSPR,2015,9254,9619,-366,-4,-360,687,223,-1635,3,-1687,-23,0,,,,,,,,,,,,,,,,,,,,,,,,,,,,,,,,,,
profitandloss,profitandloss.xlsx,1292,UNITDSPR,2016,8495,8162,333,4,648,457,157,366,61,143,2,0,,,,,,,,,,,,,,,,,,,,,,,,,,,,,,,,,,
profitandloss,profitandloss.xlsx,1293,UNITDSPR,2017,8818,7826,991,11,-265,375,189,163,43,93,1,0,,,,,,,,,,,,,,,,,,,,,,,,,,,,,,,,,,
profitandloss,profitandloss.xlsx,1294,UNITDSPR,2018,8591,7381,1209,14,172,278,192,912,28,652,9,0,,,,,,,,,,,,,,,,,,,,,,,,,,,,,,,,,,
profitandloss,profitandloss.xlsx,1295,UNITDSPR,2019,9341,7947,1394,15,70,237,215,1012,32,684,10,0,,,,,,,,,,,,,,,,,,,,,,,,,,,,,,,,,,
profitandloss,profitandloss.xlsx,1296,UNITDSPR,2020,9325,7756,1569,17,89,212,285,1160,47,621,9,0,,,,,,,,,,,,,,,,,,,,,,,,,,,,,,,,,,
profitandloss,profitandloss.xlsx,1297,UNITDSPR,2021,8131,7080,1051,13,-25,188,299,540,33,362,5,0,,,,,,,,,,,,,,,,,,,,,,,,,,,,,,,,,,
profitandloss,profitandloss.xlsx,1298,UNITDSPR,2022,9712,8117,1595,16,-117,88,304,1087,25,811,11,0,,,,,,,,,,,,,,,,,,,,,,,,,,,,,,,,,,
profitandloss,profitandloss.xlsx,1299,UNITDSPR,2023,10612,9195,1417,13,249,104,283,1279,12,1126,16,0,,,,,,,,,,,,,,,,,,,,,,,,,,,,,,,,,,
profitandloss,profitandloss.xlsx,1300,UNITDSPR,2024,11321,9321,2000,18,208,76,275,1857,24,1408,19,46,,,,,,,,,,,,,,,,,,,,,,,,,,,,,,,,,,
profitandloss,profitandloss.xlsx,1301,UNITDSPR,TTM,11821,9710,2111,18,176,96,286,1905,,1402,19,,,,,,,,,,,,,,,,,,,,,,,,,,,,,,,,,,,
profitandloss,profitandloss.xlsx,1302,VBL,2012,1800,1572,228,13,44,116,136,21,-20,25,2,0,,,,,,,,,,,,,,,,,,,,,,,,,,,,,,,,,,
profitandloss,profitandloss.xlsx,1303,VBL,2013,2115,1824,291,14,19,171,184,-46,-11,-40,0,0,,,,,,,,,,,,,,,,,,,,,,,,,,,,,,,,,,
profitandloss,profitandloss.xlsx,1304,VBL,2014,2502,2116,387,15,14,187,210,4,99,-20,0,0,,,,,,,,,,,,,,,,,,,,,,,,,,,,,,,,,,
profitandloss,profitandloss.xlsx,1305,VBL,2015,3394,2752,642,19,36,170,317,191,41,113,1,0,,,,,,,,,,,,,,,,,,,,,,,,,,,,,,,,,,
profitandloss,profitandloss.xlsx,1306,VBL,2016,3861,3052,810,21,27,435,322,79,39,48,0,0,,,,,,,,,,,,,,,,,,,,,,,,,,,,,,,,,,
profitandloss,profitandloss.xlsx,1307,VBL,2017,4004,3165,838,21,14,215,347,291,26,214,1,22,,,,,,,,,,,,,,,,,,,,,,,,,,,,,,,,,,
profitandloss,profitandloss.xlsx,1308,VBL,2018,5105,4069,1036,20,6,223,385,434,31,300,1,16,,,,,,,,,,,,,,,,,,,,,,,,,,,,,,,,,,
profitandloss,profitandloss.xlsx,1309,VBL,2019,7130,5667,1462,21,47,324,489,696,32,472,1,15,,,,,,,,,,,,,,,,,,,,,,,,,,,,,,,,,,
profitandloss,profitandloss.xlsx,1310,VBL,2020,6450,5235,1215,19,-30,294,529,363,1,357,1,22,,,,,,,,,,,,,,,,,,,,,,,,,,,,,,,,,,
profitandloss,profitandloss.xlsx,1311,VBL,2021,8823,7129,1694,19,51,207,531,1007,26,746,2,16,,,,,,,,,,,,,,,,,,,,,,,,,,,,,,,,,,
profitandloss,profitandloss.xlsx,1312,VBL,2022,13173,10310,2863,22,-18,204,617,2024,23,1550,5,15,,,,,,,,,,,,,,,,,,,,,,,,,,,,,,,,,,
profitandloss,profitandloss.xlsx,1313,VBL,2023,16043,12326,3717,23,-5,292,681,2739,23,2102,6,16,,,,,,,,,,,,,,,,,,,,,,,,,,,,,,,,,,
profitandloss,profitandloss.xlsx,1314,VBL,TTM,18987,14438,4549,24,86,415,853,3367,,2582,8,,,,,,,,,,,,,,,,,,,,,,,,,,,,,,,,,,,
profitandloss,profitandloss.xlsx,1315,VEDL,2013,2749,2283,465,17,33,475,197,-174,-25,2280,26,0,,,,,,,,,,,,,,,,,,,,,,,,,,,,,,,,,,
profitandloss,profitandloss.xlsx,1316,VEDL,2014,66152,46557,19595,30,1874,5094,6882,9493,-9,11421,21,15,,,,,,,,,,,,,,,,,,,,,,,,,,,,,,,,,,
profitandloss,profitandloss.xlsx,1317,VEDL,2015,73710,51595,22114,30,-19222,5659,7159,-9925,15,-11369,-53,-8,,,,,,,,,,,,,,,,,,,,,,,,,,,,,,,,,,
profitandloss,profitandloss.xlsx,1318,VEDL,2016,64262,82741,-18479,-29,4290,5778,8572,-28540,-37,-17862,-41,-8,,,,,,,,,,,,,,,,,,,,,,,,,,,,,,,,,,
profitandloss,profitandloss.xlsx,1319,VEDL,2017,72225,50849,21376,30,4423,5855,6292,13652,17,11316,23,83,,,,,,,,,,,,,,,,,,,,,,,,,,,,,,,,,,
profitandloss,profitandloss.xlsx,1320,VEDL,2018,91866,66989,24877,27,6087,5112,6283,19569,30,13692,28,76,,,,,,,,,,,,,,,,,,,,,,,,,,,,,,,,,,
profitandloss,profitandloss.xlsx,1321,VEDL,2019,92048,68877,23171,25,4270,5689,8192,13560,28,9698,19,99,,,,,,,,,,,,,,,,,,,,,,,,,,,,,,,,,,
profitandloss,profitandloss.xlsx,1322,VEDL,2020,84447,63704,20743,25,-14932,4977,9093,-8259,-43,-4744,-18,-22,,,,,,,,,,,,,,,,,,,,,,,,,,,,,,,,,,
profitandloss,profitandloss.xlsx,1323,VEDL,2021,88021,60703,27318,31,2743,5210,7638,17213,13,15032,31,30,,,,,,,,,,,,,,,,,,,,,,,,,,,,,,,,,,
profitandloss,profitandloss.xlsx,1324,VEDL,2022,132732,87908,44824,34,1832,4797,8895,32964,28,23710,51,89,,,,,,,,,,,,,,,,,,,,,,,,,,,,,,,,,,
profitandloss,profitandloss.xlsx,1325,VEDL,2023,147308,112877,34431,23,2625,6225,10555,20276,28,14503,28,357,,,,,,,,,,,,,,,,,,,,,,,,,,,,,,,,,,
profitandloss,profitandloss.xlsx,1326,VEDL,2024,143727,108415,35312,25,5239,9465,10723,20363,63,7539,11,259,,,,,,,,,,,,,,,,,,,,,,,,,,,,,,,,,,
profitandloss,profitandloss.xlsx,1327,VEDL,TTM,144448,107376,37072,26,5266,9721,10958,21659,,15841,30,,,,,,,,,,,,,,,,,,,,,,,,,,,,,,,,,,,
profitandloss,profitandloss.xlsx,1328,WIPRO,2013,37430,29773,7657,20,1440,289,940,7869,21,6182,5,28,,,,,,,,,,,,,,,,,,,,,,,,,,,,,,,,,,
profitandloss,profitandloss.xlsx,1329,WIPRO,2014,43424,33788,9635,22,1922,383,1060,10114,21,7991,6,25,,,,,,,,,,,,,,,,,,,,,,,,,,,,,,,,,,
profitandloss,profitandloss.xlsx,1330,WIPRO,2015,46951,36652,10299,22,2450,350,1175,11224,22,8714,7,34,,,,,,,,,,,,,,,,,,,,,,,,,,,,,,,,,,
profitandloss,profitandloss.xlsx,1331,WIPRO,2016,51244,40448,10796,21,2752,558,1496,11494,22,8957,7,17,,,,,,,,,,,,,,,,,,,,,,,,,,,,,,,,,,
profitandloss,profitandloss.xlsx,1332,WIPRO,2017,55448,44128,11321,20,2623,594,2310,11039,23,8518,7,6,,,,,,,,,,,,,,,,,,,,,,,,,,,,,,,,,,
profitandloss,profitandloss.xlsx,1333,WIPRO,2018,54487,44100,10387,19,2550,583,2112,10242,22,8003,7,6,,,,,,,,,,,,,,,,,,,,,,,,,,,,,,,,,,
profitandloss,profitandloss.xlsx,1334,WIPRO,2019,59019,47406,11613,20,2614,738,1947,11542,22,9018,7,7,,,,,,,,,,,,,,,,,,,,,,,,,,,,,,,,,,
profitandloss,profitandloss.xlsx,1335,WIPRO,2020,61138,48795,12342,20,2728,733,2086,12252,20,9772,9,6,,,,,,,,,,,,,,,,,,,,,,,,,,,,,,,,,,
profitandloss,profitandloss.xlsx,1336,WIPRO,2021,61935,47164,14771,24,2404,509,2763,13903,22,10868,10,5,,,,,,,,,,,,,,,,,,,,,,,,,,,,,,,,,,
profitandloss,profitandloss.xlsx,1337,WIPRO,2022,79312,62628,16684,21,2067,532,3078,15141,19,12243,11,27,,,,,,,,,,,,,,,,,,,,,,,,,,,,,,,,,,
profitandloss,profitandloss.xlsx,1338,WIPRO,2023,90488,73649,16839,19,2275,1008,3340,14766,23,11366,10,5,,,,,,,,,,,,,,,,,,,,,,,,,,,,,,,,,,
profitandloss,profitandloss.xlsx,1339,WIPRO,2024,89760,73008,16752,19,2631,1255,3407,14721,25,11112,11,5,,,,,,,,,,,,,,,,,,,,,,,,,,,,,,,,,,
profitandloss,profitandloss.xlsx,1340,WIPRO,TTM,88792,71019,17773,20,3349,1431,3077,16615,,12488,12,,,,,,,,,,,,,,,,,,,,,,,,,,,,,,,,,,,
profitandloss,profitandloss.xlsx,1341,ZOMATO,2018,466,558,-92,-20,21,6,29,-107,0,-107,-3070,0,,,,,,,,,,,,,,,,,,,,,,,,,,,,,,,,,,
profitandloss,profitandloss.xlsx,1342,ZOMATO,2019,1313,3556,-2243,-171,1285,9,43,-1010,0,-1010,-28574,0,,,,,,,,,,,,,,,,,,,,,,,,,,,,,,,,,,
profitandloss,profitandloss.xlsx,1343,ZOMATO,2020,2605,4909,-2305,-88,16,13,84,-2386,0,-2386,-70097,0,,,,,,,,,,,,,,,,,,,,,,,,,,,,,,,,,,
profitandloss,profitandloss.xlsx,1344,ZOMATO,2021,1994,2461,-467,-23,-200,10,138,-815,0,-816,-23124,0,,,,,,,,,,,,,,,,,,,,,,,,,,,,,,,,,,
profitandloss,profitandloss.xlsx,1345,ZOMATO,2022,4192,6043,-1851,-44,793,12,150,-1220,0,-1222,-2,0,,,,,,,,,,,,,,,,,,,,,,,,,,,,,,,,,,
profitandloss,profitandloss.xlsx,1346,ZOMATO,2023,7079,8290,-1211,-17,682,49,437,-1015,-4,-971,-1,0,,,,,,,,,,,,,,,,,,,,,,,,,,,,,,,,,,
profitandloss,profitandloss.xlsx,1347,ZOMATO,2024,12114,12071,43,0,846,72,526,291,-21,351,0,0,,,,,,,,,,,,,,,,,,,,,,,,,,,,,,,,,,
profitandloss,profitandloss.xlsx,1348,ZOMATO,TTM,17972,17321,651,4,944,118,716,761,,663,1,,,,,,,,,,,,,,,,,,,,,,,,,,,,,,,,,,,
profitandloss,profitandloss.xlsx,1349,ZYDUSLIFE,2013,6358,5228,1130,18,32,169,185,809,15,690,6,24,,,,,,,,,,,,,,,,,,,,,,,,,,,,,,,,,,
profitandloss,profitandloss.xlsx,1350,ZYDUSLIFE,2014,7224,6021,1203,17,30,90,201,942,11,836,8,23,,,,,,,,,,,,,,,,,,,,,,,,,,,,,,,,,,
profitandloss,profitandloss.xlsx,1351,ZYDUSLIFE,2015,8651,6896,1756,20,45,68,287,1446,18,1188,11,21,,,,,,,,,,,,,,,,,,,,,,,,,,,,,,,,,,
profitandloss,profitandloss.xlsx,1352,ZYDUSLIFE,2016,9427,7095,2332,25,112,53,292,2099,8,1964,19,17,,,,,,,,,,,,,,,,,,,,,,,,,,,,,,,,,,
profitandloss,profitandloss.xlsx,1353,ZYDUSLIFE,2017,9376,7474,1902,20,127,45,373,1612,8,1517,15,22,,,,,,,,,,,,,,,,,,,,,,,,,,,,,,,,,,
profitandloss,profitandloss.xlsx,1354,ZYDUSLIFE,2018,11905,9074,2831,24,111,91,539,2312,24,1810,17,20,,,,,,,,,,,,,,,,,,,,,,,,,,,,,,,,,,
profitandloss,profitandloss.xlsx,1355,ZYDUSLIFE,2019,13166,10174,2991,23,183,194,599,2382,22,1899,18,19,,,,,,,,,,,,,,,,,,,,,,,,,,,,,,,,,,
profitandloss,profitandloss.xlsx,1356,ZYDUSLIFE,2020,14253,11455,2798,20,-264,342,696,1495,21,1204,11,30,,,,,,,,,,,,,,,,,,,,,,,,,,,,,,,,,,
profitandloss,profitandloss.xlsx,1357,ZYDUSLIFE,2021,14404,11013,3391,24,-231,159,670,2331,8,2185,21,17,,,,,,,,,,,,,,,,,,,,,,,,,,,,,,,,,,
profitandloss,profitandloss.xlsx,1358,ZYDUSLIFE,2022,15110,11768,3342,22,2581,127,713,5084,10,4618,44,6,,,,,,,,,,,,,,,,,,,,,,,,,,,,,,,,,,
profitandloss,profitandloss.xlsx,1359,ZYDUSLIFE,2023,17237,13378,3860,22,-422,130,723,2585,23,2092,19,31,,,,,,,,,,,,,,,,,,,,,,,,,,,,,,,,,,
profitandloss,profitandloss.xlsx,1360,ZYDUSLIFE,2024,19547,14163,5384,28,293,81,764,4832,20,3973,38,8,,,,,,,,,,,,,,,,,,,,,,,,,,,,,,,,,,
profitandloss,profitandloss.xlsx,1361,ZYDUSLIFE,TTM,21484,15205,6278,29,351,112,849,5668,,4439,43,,,,,,,,,,,,,,,,,,,,,,,,,,,,,,,,,,,
balancesheet,balancesheet.xlsx,1200,ZYDUSLIFE,2013,,,,,,,,,,,,,102,2842,2918,1512,7374,3026,736,114,3498,7374,,,,,,,,,,,,,,,,,,,,,,,,
balancesheet,balancesheet.xlsx,1201,ZYDUSLIFE,2014,,,,,,,,,,,,,102,3337,2700,1847,7986,3124,892,87,3885,7986,,,,,,,,,,,,,,,,,,,,,,,,
balancesheet,balancesheet.xlsx,1202,ZYDUSLIFE,2015,,,,,,,,,,,,,102,4149,2651,2144,9047,3352,798,154,4743,9047,,,,,,,,,,,,,,,,,,,,,,,,
balancesheet,balancesheet.xlsx,1203,ZYDUSLIFE,2016,,,,,,,,,,,,,102,5597,2442,2208,10350,3748,951,416,5235,10350,,,,,,,,,,,,,,,,,,,,,,,,
balancesheet,balancesheet.xlsx,1204,ZYDUSLIFE,2017,,,,,,,,,,,,,102,6858,5207,2937,15104,5755,1543,435,7371,15104,,,,,,,,,,,,,,,,,,,,,,,,
balancesheet,balancesheet.xlsx,1205,ZYDUSLIFE,2018,,,,,,,,,,,,,102,8642,5407,3632,17783,6483,1527,746,9028,17783,,,,,,,,,,,,,,,,,,,,,,,,
balancesheet,balancesheet.xlsx,1206,ZYDUSLIFE,2019,,,,,,,,,,,,,102,10284,7899,4945,23231,12164,837,674,9556,23231,,,,,,,,,,,,,,,,,,,,,,,,
balancesheet,balancesheet.xlsx,1207,ZYDUSLIFE,2020,,,,,,,,,,,,,102,10273,7986,5115,23477,12230,742,765,9740,23477,,,,,,,,,,,,,,,,,,,,,,,,
balancesheet,balancesheet.xlsx,1208,ZYDUSLIFE,2021,,,,,,,,,,,,,102,12890,4608,6165,23765,12133,783,830,10019,23765,,,,,,,,,,,,,,,,,,,,,,,,
balancesheet,balancesheet.xlsx,1209,ZYDUSLIFE,2022,,,,,,,,,,,,,102,16897,4221,6421,27642,12188,726,3288,11439,27642,,,,,,,,,,,,,,,,,,,,,,,,
balancesheet,balancesheet.xlsx,1210,ZYDUSLIFE,2023,,,,,,,,,,,,,101,17415,1195,6851,25562,11521,1201,1547,11294,25562,,,,,,,,,,,,,,,,,,,,,,,,
balancesheet,balancesheet.xlsx,1211,ZYDUSLIFE,2024,,,,,,,,,,,,,101,19729,804,8201,28834,12368,2423,1220,12822,28834,,,,,,,,,,,,,,,,,,,,,,,,
balancesheet,balancesheet.xlsx,1212,ZYDUSLIFE,2024,,,,,,,,,,,,,101,21724,190,9431,31446,14304,1051,2596,13495,31446,,,,,,,,,,,,,,,,,,,,,,,,
balancesheet,balancesheet.xlsx,1226,ZOMATO,2018,,,,,,,,,,,,,0,1036,186,152,1374,190,1,829,354,1374,,,,,,,,,,,,,,,,,,,,,,,,
balancesheet,balancesheet.xlsx,1227,ZOMATO,2019,,,,,,,,,,,,,0,2356,348,709,3413,389,1,2145,879,3413,,,,,,,,,,,,,,,,,,,,,,,,
balancesheet,balancesheet.xlsx,1228,ZOMATO,2020,,,,,,,,,,,,,0,457,326,2117,2900,1591,1,324,985,2900,,,,,,,,,,,,,,,,,,,,,,,,
balancesheet,balancesheet.xlsx,1229,ZOMATO,2021,,,,,,,,,,,,,0,7644,527,532,8704,1539,0,2205,4959,8704,,,,,,,,,,,,,,,,,,,,,,,,
balancesheet,balancesheet.xlsx,1230,ZOMATO,2022,,,,,,,,,,,,,764,15741,70,751,17327,1404,1,4718,11204,17327,,,,,,,,,,,,,,,,,,,,,,,,
balancesheet,balancesheet.xlsx,1231,ZOMATO,2023,,,,,,,,,,,,,836,18624,507,1632,21599,6344,7,6765,8483,21599,,,,,,,,,,,,,,,,,,,,,,,,
balancesheet,balancesheet.xlsx,1232,ZOMATO,2024,,,,,,,,,,,,,868,19545,749,2194,23356,6448,18,11645,5245,23356,,,,,,,,,,,,,,,,,,,,,,,,
balancesheet,balancesheet.xlsx,1233,ZOMATO,2024,,,,,,,,,,,,,872,20446,1159,2728,25205,8390,59,11708,5048,25205,,,,,,,,,,,,,,,,,,,,,,,,
balancesheet,balancesheet.xlsx,1234,WIPRO,2013,,,,,,,,,,,,,492,26072,6381,10675,43621,9996,407,6765,26454,43621,,,,,,,,,,,,,,,,,,,,,,,,
balancesheet,balancesheet.xlsx,1235,WIPRO,2014,,,,,,,,,,,,,493,31636,5159,12245,49533,10649,369,6146,32368,49533,,,,,,,,,,,,,,,,,,,,,,,,
balancesheet,balancesheet.xlsx,1236,WIPRO,2015,,,,,,,,,,,,,494,36598,7891,13367,58350,10837,395,5532,41586,58350,,,,,,,,,,,,,,,,,,,,,,,,
balancesheet,balancesheet.xlsx,1237,WIPRO,2016,,,,,,,,,,,,,494,45651,12522,12924,71590,17279,381,20915,33016,71590,,,,,,,,,,,,,,,,,,,,,,,,
balancesheet,balancesheet.xlsx,1238,WIPRO,2017,,,,,,,,,,,,,486,51184,14241,12761,78672,19886,738,29913,28135,78672,,,,,,,,,,,,,,,,,,,,,,,,
balancesheet,balancesheet.xlsx,1239,WIPRO,2018,,,,,,,,,,,,,905,47022,13901,13563,75391,18127,1378,25797,30090,75391,,,,,,,,,,,,,,,,,,,,,,,,
balancesheet,balancesheet.xlsx,1240,WIPRO,2019,,,,,,,,,,,,,1207,55216,9947,16217,82586,17465,2142,22887,40093,82586,,,,,,,,,,,,,,,,,,,,,,,,
balancesheet,balancesheet.xlsx,1241,WIPRO,2020,,,,,,,,,,,,,1143,54179,9724,15954,81000,22062,1881,20032,37024,81000,,,,,,,,,,,,,,,,,,,,,,,,
balancesheet,balancesheet.xlsx,1242,WIPRO,2021,,,,,,,,,,,,,1096,53805,10451,17213,82566,23040,1853,18775,38898,82566,,,,,,,,,,,,,,,,,,,,,,,,
balancesheet,balancesheet.xlsx,1243,WIPRO,2022,,,,,,,,,,,,,1096,64307,17593,24280,107276,37990,1602,26154,41531,107276,,,,,,,,,,,,,,,,,,,,,,,,
balancesheet,balancesheet.xlsx,1244,WIPRO,2023,,,,,,,,,,,,,1098,76570,17467,21789,116924,44757,617,33073,38477,116924,,,,,,,,,,,,,,,,,,,,,,,,
balancesheet,balancesheet.xlsx,1245,WIPRO,2024,,,,,,,,,,,,,1045,73488,16465,23611,114609,43628,723,33384,36873,114609,,,,,,,,,,,,,,,,,,,,,,,,
balancesheet,balancesheet.xlsx,1246,WIPRO,2024,,,,,,,,,,,,,1046,80330,19282,24893,125552,43476,846,43970,37260,125552,,,,,,,,,,,,,,,,,,,,,,,,
balancesheet,balancesheet.xlsx,1247,VEDL,2013,,,,,,,,,,,,,87,17388,4839,723,23037,4136,723,16059,2119,23037,,,,,,,,,,,,,,,,,,,,,,,,
balancesheet,balancesheet.xlsx,1248,VEDL,2014,,,,,,,,,,,,,296,72712,80566,60545,214120,87205,43128,37910,45877,214120,,,,,,,,,,,,,,,,,,,,,,,,
balancesheet,balancesheet.xlsx,1249,VEDL,2015,,,,,,,,,,,,,296,53579,77752,58654,190281,70108,38748,39606,41819,190281,,,,,,,,,,,,,,,,,,,,,,,,
balancesheet,balancesheet.xlsx,1250,VEDL,2016,,,,,,,,,,,,,296,43743,67778,80163,191980,67231,38461,53386,32903,191980,,,,,,,,,,,,,,,,,,,,,,,,
balancesheet,balancesheet.xlsx,1251,VEDL,2017,,,,,,,,,,,,,297,60128,71569,64952,196946,76756,27557,46962,45671,196946,,,,,,,,,,,,,,,,,,,,,,,,
balancesheet,balancesheet.xlsx,1252,VEDL,2018,,,,,,,,,,,,,372,62940,58159,58896,180367,80279,32055,28700,39333,180367,,,,,,,,,,,,,,,,,,,,,,,,
balancesheet,balancesheet.xlsx,1253,VEDL,2019,,,,,,,,,,,,,372,61925,66226,70045,198568,96397,24959,33065,44147,198568,,,,,,,,,,,,,,,,,,,,,,,,
balancesheet,balancesheet.xlsx,1254,VEDL,2020,,,,,,,,,,,,,372,54263,59187,66915,180737,88904,18585,24753,48495,180737,,,,,,,,,,,,,,,,,,,,,,,,
balancesheet,balancesheet.xlsx,1255,VEDL,2021,,,,,,,,,,,,,372,61906,57669,63549,183496,90470,16314,16660,60052,183496,,,,,,,,,,,,,,,,,,,,,,,,
balancesheet,balancesheet.xlsx,1256,VEDL,2022,,,,,,,,,,,,,372,65011,53583,74981,193947,93466,15879,17291,67311,193947,,,,,,,,,,,,,,,,,,,,,,,,
balancesheet,balancesheet.xlsx,1257,VEDL,2023,,,,,,,,,,,,,372,39051,80329,69703,189455,95744,19529,13150,61032,189455,,,,,,,,,,,,,,,,,,,,,,,,
balancesheet,balancesheet.xlsx,1258,VEDL,2024,,,,,,,,,,,,,372,30350,87706,69690,188118,98963,22889,11869,54397,188118,,,,,,,,,,,,,,,,,,,,,,,,
balancesheet,balancesheet.xlsx,1259,VEDL,2024,,,,,,,,,,,,,391,37097,79808,87879,205175,100699,27719,12823,63934,205175,,,,,,,,,,,,,,,,,,,,,,,,
balancesheet,balancesheet.xlsx,1285,UNITDSPR,2013,,,,,,,,,,,,,126,4661,8242,3453,16483,7869,131,218,8265,16483,,,,,,,,,,,,,,,,,,,,,,,,
balancesheet,balancesheet.xlsx,1286,UNITDSPR,2014,,,,,,,,,,,,,145,2887,8307,3518,14858,5700,110,238,8810,14858,,,,,,,,,,,,,,,,,,,,,,,,
balancesheet,balancesheet.xlsx,1287,UNITDSPR,2015,,,,,,,,,,,,,145,514,4987,2242,7889,1921,114,216,5637,7889,,,,,,,,,,,,,,,,,,,,,,,,
balancesheet,balancesheet.xlsx,1288,UNITDSPR,2016,,,,,,,,,,,,,145,1489,4242,2452,8329,1887,282,77,6084,8329,,,,,,,,,,,,,,,,,,,,,,,,
balancesheet,balancesheet.xlsx,1289,UNITDSPR,2017,,,,,,,,,,,,,145,1640,4144,2967,8896,1917,199,0,6780,8896,,,,,,,,,,,,,,,,,,,,,,,,
balancesheet,balancesheet.xlsx,1290,UNITDSPR,2018,,,,,,,,,,,,,145,2274,3421,3086,8926,1791,102,0,7033,8926,,,,,,,,,,,,,,,,,,,,,,,,
balancesheet,balancesheet.xlsx,1291,UNITDSPR,2019,,,,,,,,,,,,,145,2945,2883,3135,9109,1841,118,25,7124,9109,,,,,,,,,,,,,,,,,,,,,,,,
balancesheet,balancesheet.xlsx,1292,UNITDSPR,2020,,,,,,,,,,,,,145,3583,2570,2546,8844,1956,121,22,6745,8844,,,,,,,,,,,,,,,,,,,,,,,,
balancesheet,balancesheet.xlsx,1293,UNITDSPR,2021,,,,,,,,,,,,,145,3974,1037,3354,8511,1893,97,0,6521,8511,,,,,,,,,,,,,,,,,,,,,,,,
balancesheet,balancesheet.xlsx,1294,UNITDSPR,2022,,,,,,,,,,,,,145,4808,605,3304,8863,1855,96,222,6690,8863,,,,,,,,,,,,,,,,,,,,,,,,
balancesheet,balancesheet.xlsx,1295,UNITDSPR,2023,,,,,,,,,,,,,145,5854,183,3534,9716,1534,83,286,7813,9716,,,,,,,,,,,,,,,,,,,,,,,,
balancesheet,balancesheet.xlsx,1296,UNITDSPR,2024,,,,,,,,,,,,,145,6976,265,3790,11176,1560,37,645,8934,11176,,,,,,,,,,,,,,,,,,,,,,,,
balancesheet,balancesheet.xlsx,1297,UNITDSPR,2024,,,,,,,,,,,,,145,7487,518,3805,11955,1798,66,819,9272,11955,,,,,,,,,,,,,,,,,,,,,,,,
balancesheet,balancesheet.xlsx,1298,UNIONBANK,2013,,,,,,,,,,,,,597,16722,287589,8003,312912,2483,13,81808,228608,312912,,,,,,,,,,,,,,,,,,,,,,,,
balancesheet,balancesheet.xlsx,1299,UNIONBANK,2014,,,,,,,,,,,,,630,18004,327078,9300,355013,2621,2,94636,257753,355013,,,,,,,,,,,,,,,,,,,,,,,,
balancesheet,balancesheet.xlsx,1300,UNIONBANK,2015,,,,,,,,,,,,,636,19263,352618,11048,383566,2690,4,85818,295053,383566,,,,,,,,,,,,,,,,,,,,,,,,
balancesheet,balancesheet.xlsx,1301,UNIONBANK,2016,,,,,,,,,,,,,687,22361,374754,9562,407365,3939,13,90573,312840,407365,,,,,,,,,,,,,,,,,,,,,,,,
balancesheet,balancesheet.xlsx,1302,UNIONBANK,2017,,,,,,,,,,,,,687,23406,418420,13167,455681,3896,21,113441,338322,455681,,,,,,,,,,,,,,,,,,,,,,,,
balancesheet,balancesheet.xlsx,1303,UNIONBANK,2018,,,,,,,,,,,,,1169,24083,455969,9900,491120,3824,34,125485,361777,491120,,,,,,,,,,,,,,,,,,,,,,,,
balancesheet,balancesheet.xlsx,1304,UNIONBANK,2019,,,,,,,,,,,,,1763,25073,460780,10964,498581,3743,44,128391,366402,498581,,,,,,,,,,,,,,,,,,,,,,,,
balancesheet,balancesheet.xlsx,1305,UNIONBANK,2020,,,,,,,,,,,,,3423,30567,505150,16369,555509,4734,54,154251,396470,555509,,,,,,,,,,,,,,,,,,,,,,,,
balancesheet,balancesheet.xlsx,1306,UNIONBANK,2021,,,,,,,,,,,,,6407,58331,977576,40063,1082377,7303,63,339059,735952,1082377,,,,,,,,,,,,,,,,,,,,,,,,
balancesheet,balancesheet.xlsx,1307,UNIONBANK,2022,,,,,,,,,,,,,6835,64026,1085613,37292,1193766,7171,37,351839,834718,1193766,,,,,,,,,,,,,,,,,,,,,,,,
balancesheet,balancesheet.xlsx,1308,UNIONBANK,2023,,,,,,,,,,,,,6835,71969,1163059,46495,1288357,8826,22,343727,935782,1288357,,,,,,,,,,,,,,,,,,,,,,,,
balancesheet,balancesheet.xlsx,1309,UNIONBANK,2024,,,,,,,,,,,,,7634,89964,1251568,52831,1401996,9224,36,343953,1048783,1401996,,,,,,,,,,,,,,,,,,,,,,,,
balancesheet,balancesheet.xlsx,1323,ULTRACEMCO,2013,,,,,,,,,,,,,274,14955,7342,7010,29582,15050,3601,4709,6222,29582,,,,,,,,,,,,,,,,,,,,,,,,
balancesheet,balancesheet.xlsx,1324,ULTRACEMCO,2014,,,,,,,,,,,,,274,16908,7332,7671,32185,18100,2186,4862,7037,32185,,,,,,,,,,,,,,,,,,,,,,,,
balancesheet,balancesheet.xlsx,1325,ULTRACEMCO,2015,,,,,,,,,,,,,274,18767,9829,9183,38053,23343,2250,4500,7961,38053,,,,,,,,,,,,,,,,,,,,,,,,
balancesheet,balancesheet.xlsx,1326,ULTRACEMCO,2016,,,,,,,,,,,,,274,21671,10616,8631,41193,25309,1469,5095,9319,41193,,,,,,,,,,,,,,,,,,,,,,,,
balancesheet,balancesheet.xlsx,1327,ULTRACEMCO,2017,,,,,,,,,,,,,275,24117,8474,9343,42209,25904,921,6691,8693,42209,,,,,,,,,,,,,,,,,,,,,,,,
balancesheet,balancesheet.xlsx,1328,ULTRACEMCO,2018,,,,,,,,,,,,,275,26107,19480,11280,57141,39715,1511,5447,10468,57141,,,,,,,,,,,,,,,,,,,,,,,,
balancesheet,balancesheet.xlsx,1329,ULTRACEMCO,2019,,,,,,,,,,,,,275,33476,25337,17438,76525,56645,1153,2921,15806,76525,,,,,,,,,,,,,,,,,,,,,,,,
balancesheet,balancesheet.xlsx,1330,ULTRACEMCO,2020,,,,,,,,,,,,,289,38755,23019,17151,79214,57151,920,5929,15215,79214,,,,,,,,,,,,,,,,,,,,,,,,
balancesheet,balancesheet.xlsx,1331,ULTRACEMCO,2021,,,,,,,,,,,,,289,43886,21719,20282,86176,55412,1687,12178,16900,86176,,,,,,,,,,,,,,,,,,,,,,,,
balancesheet,balancesheet.xlsx,1332,ULTRACEMCO,2022,,,,,,,,,,,,,289,50147,11299,22077,83811,55488,4785,6336,17203,83811,,,,,,,,,,,,,,,,,,,,,,,,
balancesheet,balancesheet.xlsx,1333,ULTRACEMCO,2023,,,,,,,,,,,,,289,54036,11058,25998,91380,59579,4040,7297,20464,91380,,,,,,,,,,,,,,,,,,,,,,,,
balancesheet,balancesheet.xlsx,1334,ULTRACEMCO,2024,,,,,,,,,,,,,289,59939,11403,29167,100797,62878,6811,8249,22859,100797,,,,,,,,,,,,,,,,,,,,,,,,
balancesheet,balancesheet.xlsx,1335,ULTRACEMCO,2024,,,,,,,,,,,,,289,61076,16964,29282,107611,68042,6410,7579,25579,107611,,,,,,,,,,,,,,,,,,,,,,,,
cashflow,cashflow.xlsx,1170,ULTRACEMCO,2013,,,,,,,,,,,,,,,,,,,,,,,3618,-4362,715,-30,,,,,,,,,,,,,,,,,,,,
cashflow,cashflow.xlsx,1171,ULTRACEMCO,2014,,,,,,,,,,,,,,,,,,,,,,,3455,-2342,-949,164,,,,,,,,,,,,,,,,,,,,
cashflow,cashflow.xlsx,1172,ULTRACEMCO,2015,,,,,,,,,,,,,,,,,,,,,,,4190,-2144,-2110,-63,,,,,,,,,,,,,,,,,,,,
cashflow,cashflow.xlsx,1173,ULTRACEMCO,2016,,,,,,,,,,,,,,,,,,,,,,,4526,-3673,-844,8,,,,,,,,,,,,,,,,,,,,
cashflow,cashflow.xlsx,1174,ULTRACEMCO,2017,,,,,,,,,,,,,,,,,,,,,,,5005,-2501,-2535,-31,,,,,,,,,,,,,,,,,,,,
cashflow,cashflow.xlsx,1175,ULTRACEMCO,2018,,,,,,,,,,,,,,,,,,,,,,,3888,1866,-5735,18,,,,,,,,,,,,,,,,,,,,
cashflow,cashflow.xlsx,1176,ULTRACEMCO,2019,,,,,,,,,,,,,,,,,,,,,,,5956,1165,-6757,364,,,,,,,,,,,,,,,,,,,,
cashflow,cashflow.xlsx,1177,ULTRACEMCO,2020,,,,,,,,,,,,,,,,,,,,,,,8972,-4192,-5076,-295,,,,,,,,,,,,,,,,,,,,
cashflow,cashflow.xlsx,1178,ULTRACEMCO,2021,,,,,,,,,,,,,,,,,,,,,,,12500,-8856,-4356,-712,,,,,,,,,,,,,,,,,,,,
cashflow,cashflow.xlsx,1179,ULTRACEMCO,2022,,,,,,,,,,,,,,,,,,,,,,,9283,2257,-12498,-958,,,,,,,,,,,,,,,,,,,,
cashflow,cashflow.xlsx,1180,ULTRACEMCO,2023,,,,,,,,,,,,,,,,,,,,,,,9069,-7188,-1631,250,,,,,,,,,,,,,,,,,,,,
cashflow,cashflow.xlsx,1181,ULTRACEMCO,2024,,,,,,,,,,,,,,,,,,,,,,,10898,-8789,-1926,183,,,,,,,,,,,,,,,,,,,,
cashflow,cashflow.xlsx,1182,UNIONBANK,2013,,,,,,,,,,,,,,,,,,,,,,,-4245,-343,5096,507,,,,,,,,,,,,,,,,,,,,
cashflow,cashflow.xlsx,1183,UNIONBANK,2014,,,,,,,,,,,,,,,,,,,,,,,2570,-363,4902,7109,,,,,,,,,,,,,,,,,,,,
cashflow,cashflow.xlsx,1184,UNIONBANK,2015,,,,,,,,,,,,,,,,,,,,,,,-3567,-318,3168,-718,,,,,,,,,,,,,,,,,,,,
cashflow,cashflow.xlsx,1185,UNIONBANK,2016,,,,,,,,,,,,,,,,,,,,,,,81,-9,-2,70,,,,,,,,,,,,,,,,,,,,
cashflow,cashflow.xlsx,1186,UNIONBANK,2017,,,,,,,,,,,,,,,,,,,,,,,-6624,-280,10194,3289,,,,,,,,,,,,,,,,,,,,
cashflow,cashflow.xlsx,1187,UNIONBANK,2018,,,,,,,,,,,,,,,,,,,,,,,6097,-315,10792,16574,,,,,,,,,,,,,,,,,,,,
cashflow,cashflow.xlsx,1188,UNIONBANK,2019,,,,,,,,,,,,,,,,,,,,,,,-7778,-297,1758,-6317,,,,,,,,,,,,,,,,,,,,
cashflow,cashflow.xlsx,1189,UNIONBANK,2020,,,,,,,,,,,,,,,,,,,,,,,-77,-4,201,121,,,,,,,,,,,,,,,,,,,,
cashflow,cashflow.xlsx,1190,UNIONBANK,2021,,,,,,,,,,,,,,,,,,,,,,,20527,-601,-18861,1066,,,,,,,,,,,,,,,,,,,,
cashflow,cashflow.xlsx,1191,UNIONBANK,2022,,,,,,,,,,,,,,,,,,,,,,,36339,-558,-786,34995,,,,,,,,,,,,,,,,,,,,
cashflow,cashflow.xlsx,1192,UNIONBANK,2023,,,,,,,,,,,,,,,,,,,,,,,6056,-2561,-10654,-7159,,,,,,,,,,,,,,,,,,,,
cashflow,cashflow.xlsx,1193,UNIONBANK,2024,,,,,,,,,,,,,,,,,,,,,,,19930,-1394,-11489,7047,,,,,,,,,,,,,,,,,,,,
cashflow,cashflow.xlsx,1194,UNITDSPR,2013,,,,,,,,,,,,,,,,,,,,,,,1969,-1121,-992,-145,,,,,,,,,,,,,,,,,,,,
cashflow,cashflow.xlsx,1195,UNITDSPR,2014,,,,,,,,,,,,,,,,,,,,,,,-552,-252,1235,431,,,,,,,,,,,,,,,,,,,,
cashflow,cashflow.xlsx,1196,UNITDSPR,2015,,,,,,,,,,,,,,,,,,,,,,,-196,3855,-4002,-343,,,,,,,,,,,,,,,,,,,,
cashflow,cashflow.xlsx,1197,UNITDSPR,2016,,,,,,,,,,,,,,,,,,,,,,,283,733,-1155,-139,,,,,,,,,,,,,,,,,,,,
cashflow,cashflow.xlsx,1198,UNITDSPR,2017,,,,,,,,,,,,,,,,,,,,,,,647,-227,-475,-56,,,,,,,,,,,,,,,,,,,,
cashflow,cashflow.xlsx,1199,UNITDSPR,2018,,,,,,,,,,,,,,,,,,,,,,,925,104,-966,63,,,,,,,,,,,,,,,,,,,,
cashflow,cashflow.xlsx,1200,UNITDSPR,2019,,,,,,,,,,,,,,,,,,,,,,,948,-66,-808,74,,,,,,,,,,,,,,,,,,,,
cashflow,cashflow.xlsx,1201,UNITDSPR,2020,,,,,,,,,,,,,,,,,,,,,,,783,-194,-740,-150,,,,,,,,,,,,,,,,,,,,
cashflow,cashflow.xlsx,1202,UNITDSPR,2021,,,,,,,,,,,,,,,,,,,,,,,1818,-99,-1707,12,,,,,,,,,,,,,,,,,,,,
cashflow,cashflow.xlsx,1203,UNITDSPR,2022,,,,,,,,,,,,,,,,,,,,,,,977,-313,-688,-23,,,,,,,,,,,,,,,,,,,,
cashflow,cashflow.xlsx,1204,UNITDSPR,2023,,,,,,,,,,,,,,,,,,,,,,,615,-55,-500,60,,,,,,,,,,,,,,,,,,,,
cashflow,cashflow.xlsx,1205,UNITDSPR,2024,,,,,,,,,,,,,,,,,,,,,,,1118,226,-407,937,,,,,,,,,,,,,,,,,,,,
cashflow,cashflow.xlsx,1206,VBL,2012,,,,,,,,,,,,,,,,,,,,,,,280,-507,229,3,,,,,,,,,,,,,,,,,,,,
cashflow,cashflow.xlsx,1207,VBL,2013,,,,,,,,,,,,,,,,,,,,,,,297,-574,274,-2,,,,,,,,,,,,,,,,,,,,
cashflow,cashflow.xlsx,1208,VBL,2014,,,,,,,,,,,,,,,,,,,,,,,431,-500,58,-11,,,,,,,,,,,,,,,,,,,,
cashflow,cashflow.xlsx,1209,VBL,2015,,,,,,,,,,,,,,,,,,,,,,,555,-300,-236,19,,,,,,,,,,,,,,,,,,,,
cashflow,cashflow.xlsx,1210,VBL,2016,,,,,,,,,,,,,,,,,,,,,,,826,-1048,230,8,,,,,,,,,,,,,,,,,,,,
cashflow,cashflow.xlsx,1211,VBL,2017,,,,,,,,,,,,,,,,,,,,,,,620,-746,159,32,,,,,,,,,,,,,,,,,,,,
cashflow,cashflow.xlsx,1212,VBL,2018,,,,,,,,,,,,,,,,,,,,,,,1000,-937,-84,-22,,,,,,,,,,,,,,,,,,,,
cashflow,cashflow.xlsx,1213,VBL,2019,,,,,,,,,,,,,,,,,,,,,,,1308,-2320,1107,95,,,,,,,,,,,,,,,,,,,,
cashflow,cashflow.xlsx,1214,VBL,2020,,,,,,,,,,,,,,,,,,,,,,,1012,-472,-574,-33,,,,,,,,,,,,,,,,,,,,
cashflow,cashflow.xlsx,1215,VBL,2021,,,,,,,,,,,,,,,,,,,,,,,1231,-1008,-178,46,,,,,,,,,,,,,,,,,,,,
cashflow,cashflow.xlsx,1216,VBL,2022,,,,,,,,,,,,,,,,,,,,,,,1790,-1769,-18,4,,,,,,,,,,,,,,,,,,,,
cashflow,cashflow.xlsx,1217,VBL,2023,,,,,,,,,,,,,,,,,,,,,,,2391,-3288,985,88,,,,,,,,,,,,,,,,,,,,
cashflow,cashflow.xlsx,1218,VEDL,2013,,,,,,,,,,,,,,,,,,,,,,,22,-311,238,-51,,,,,,,,,,,,,,,,,,,,
cashflow,cashflow.xlsx,1219,VEDL,2014,,,,,,,,,,,,,,,,,,,,,,,15601,-2890,-5052,7659,,,,,,,,,,,,,,,,,,,,
cashflow,cashflow.xlsx,1220,VEDL,2015,,,,,,,,,,,,,,,,,,,,,,,17805,-4133,-13956,-284,,,,,,,,,,,,,,,,,,,,
cashflow,cashflow.xlsx,1221,VEDL,2016,,,,,,,,,,,,,,,,,,,,,,,20377,-7868,-11303,1206,,,,,,,,,,,,,,,,,,,,
cashflow,cashflow.xlsx,1222,VEDL,2017,,,,,,,,,,,,,,,,,,,,,,,18083,2681,-12425,8339,,,,,,,,,,,,,,,,,,,,
cashflow,cashflow.xlsx,1223,VEDL,2018,,,,,,,,,,,,,,,,,,,,,,,17366,15480,-39255,-6409,,,,,,,,,,,,,,,,,,,,
cashflow,cashflow.xlsx,1224,VEDL,2019,,,,,,,,,,,,,,,,,,,,,,,23754,-10594,-10242,2918,,,,,,,,,,,,,,,,,,,,
cashflow,cashflow.xlsx,1225,VEDL,2020,,,,,,,,,,,,,,,,,,,,,,,19300,-5925,-15547,-2172,,,,,,,,,,,,,,,,,,,,
cashflow,cashflow.xlsx,1226,VEDL,2021,,,,,,,,,,,,,,,,,,,,,,,23980,-6678,-17565,-263,,,,,,,,,,,,,,,,,,,,
cashflow,cashflow.xlsx,1227,VEDL,2022,,,,,,,,,,,,,,,,,,,,,,,34963,-2243,-28903,3817,,,,,,,,,,,,,,,,,,,,
cashflow,cashflow.xlsx,1228,VEDL,2023,,,,,,,,,,,,,,,,,,,,,,,33065,-668,-34142,-1745,,,,,,,,,,,,,,,,,,,,
cashflow,cashflow.xlsx,1229,VEDL,2024,,,,,,,,,,,,,,,,,,,,,,,35654,-13676,-26092,-4114,,,,,,,,,,,,,,,,,,,,
cashflow,cashflow.xlsx,1230,WIPRO,2013,,,,,,,,,,,,,,,,,,,,,,,6394,-4536,-1140,717,,,,,,,,,,,,,,,,,,,,
cashflow,cashflow.xlsx,1231,WIPRO,2014,,,,,,,,,,,,,,,,,,,,,,,6790,-284,-3570,2936,,,,,,,,,,,,,,,,,,,,
cashflow,cashflow.xlsx,1232,WIPRO,2015,,,,,,,,,,,,,,,,,,,,,,,7840,-2537,-830,4474,,,,,,,,,,,,,,,,,,,,
cashflow,cashflow.xlsx,1233,WIPRO,2016,,,,,,,,,,,,,,,,,,,,,,,7887,-13761,-159,-6032,,,,,,,,,,,,,,,,,,,,
cashflow,cashflow.xlsx,1234,WIPRO,2017,,,,,,,,,,,,,,,,,,,,,,,9277,-11770,-2275,-4767,,,,,,,,,,,,,,,,,,,,
cashflow,cashflow.xlsx,1235,WIPRO,2018,,,,,,,,,,,,,,,,,,,,,,,8423,3595,-12998,-979,,,,,,,,,,,,,,,,,,,,
cashflow,cashflow.xlsx,1236,WIPRO,2019,,,,,,,,,,,,,,,,,,,,,,,11632,5065,-4937,11760,,,,,,,,,,,,,,,,,,,,
cashflow,cashflow.xlsx,1237,WIPRO,2020,,,,,,,,,,,,,,,,,,,,,,,10064,3593,-15100,-1442,,,,,,,,,,,,,,,,,,,,
cashflow,cashflow.xlsx,1238,WIPRO,2021,,,,,,,,,,,,,,,,,,,,,,,14755,685,-12884,2556,,,,,,,,,,,,,,,,,,,,
cashflow,cashflow.xlsx,1239,WIPRO,2022,,,,,,,,,,,,,,,,,,,,,,,11080,-22321,4659,-6583,,,,,,,,,,,,,,,,,,,,
cashflow,cashflow.xlsx,1240,WIPRO,2023,,,,,,,,,,,,,,,,,,,,,,,13060,-8169,-6088,-1197,,,,,,,,,,,,,,,,,,,,
cashflow,cashflow.xlsx,1241,WIPRO,2024,,,,,,,,,,,,,,,,,,,,,,,17622,1144,-18257,509,,,,,,,,,,,,,,,,,,,,
cashflow,cashflow.xlsx,1242,ZOMATO,2020,,,,,,,,,,,,,,,,,,,,,,,-2144,1740,359,-45,,,,,,,,,,,,,,,,,,,,
cashflow,cashflow.xlsx,1243,ZOMATO,2021,,,,,,,,,,,,,,,,,,,,,,,-1018,-5245,6402,139,,,,,,,,,,,,,,,,,,,,
cashflow,cashflow.xlsx,1244,ZOMATO,2022,,,,,,,,,,,,,,,,,,,,,,,-693,-7971,8750,86,,,,,,,,,,,,,,,,,,,,
cashflow,cashflow.xlsx,1245,ZOMATO,2023,,,,,,,,,,,,,,,,,,,,,,,-844,797,-127,-174,,,,,,,,,,,,,,,,,,,,
cashflow,cashflow.xlsx,1246,ZOMATO,2024,,,,,,,,,,,,,,,,,,,,,,,646,-348,-207,91,,,,,,,,,,,,,,,,,,,,
cashflow,cashflow.xlsx,1247,ZYDUSLIFE,2013,,,,,,,,,,,,,,,,,,,,,,,603,-682,286,207,,,,,,,,,,,,,,,,,,,,
cashflow,cashflow.xlsx,1248,ZYDUSLIFE,2014,,,,,,,,,,,,,,,,,,,,,,,903,-438,-529,-64,,,,,,,,,,,,,,,,,,,,
cashflow,cashflow.xlsx,1249,ZYDUSLIFE,2015,,,,,,,,,,,,,,,,,,,,,,,994,-465,-351,178,,,,,,,,,,,,,,,,,,,,
cashflow,cashflow.xlsx,1250,ZYDUSLIFE,2016,,,,,,,,,,,,,,,,,,,,,,,1894,-860,-935,99,,,,,,,,,,,,,,,,,,,,
cashflow,cashflow.xlsx,1251,ZYDUSLIFE,2017,,,,,,,,,,,,,,,,,,,,,,,1312,-2872,2316,756,,,,,,,,,,,,,,,,,,,,
cashflow,cashflow.xlsx,1252,ZYDUSLIFE,2018,,,,,,,,,,,,,,,,,,,,,,,919,-974,52,-3,,,,,,,,,,,,,,,,,,,,
cashflow,cashflow.xlsx,1253,ZYDUSLIFE,2019,,,,,,,,,,,,,,,,,,,,,,,1282,-3977,1885,-811,,,,,,,,,,,,,,,,,,,,
cashflow,cashflow.xlsx,1254,ZYDUSLIFE,2020,,,,,,,,,,,,,,,,,,,,,,,2932,-1004,-1528,399,,,,,,,,,,,,,,,,,,,,
cashflow,cashflow.xlsx,1255,ZYDUSLIFE,2021,,,,,,,,,,,,,,,,,,,,,,,3294,-837,-2548,-90,,,,,,,,,,,,,,,,,,,,
cashflow,cashflow.xlsx,1256,ZYDUSLIFE,2022,,,,,,,,,,,,,,,,,,,,,,,2104,-1018,-868,219,,,,,,,,,,,,,,,,,,,,
cashflow,cashflow.xlsx,1257,ZYDUSLIFE,2023,,,,,,,,,,,,,,,,,,,,,,,2689,1542,-4400,-170,,,,,,,,,,,,,,,,,,,,
cashflow,cashflow.xlsx,1258,ZYDUSLIFE,2024,,,,,,,,,,,,,,,,,,,,,,,3228,-1492,-1810,-75,,,,,,,,,,,,,,,,,,,,
analysis,analysis.xlsx,17,WIPRO,,,,,,,,,,,,,,,,,,,,,,,,,,,,10 Years:     8%,10 Years:          3%,    10 Years:     12%,10 Years:        18%,,,,,,,,,,,,,,,,
analysis,analysis.xlsx,18,WIPRO,,,,,,,,,,,,,,,,,,,,,,,,,,,,5 Years:       9%,5 Years:            4%,      5 Years:     20%,5 Years:          17%,,,,,,,,,,,,,,,,
analysis,analysis.xlsx,19,WIPRO,,,,,,,,,,,,,,,,,,,,,,,,,,,,3 Years:      13%,3 Years:            0%,      3 Years:      -1%,3 Years:          17%,,,,,,,,,,,,,,,,
analysis,analysis.xlsx,20,WIPRO,,,,,,,,,,,,,,,,,,,,,,,,,,,,TTM:           -3%,TTM:                 1%,      1 Year:       39%,Last Year:       14%,,,,,,,,,,,,,,,,
documents,documents.xlsx,1458,ULTRACEMCO,2024,,,,,,,,,,,,,,,,,,,,,,,,,,,,,,,https://www.bseindia.com/xml-data/corpfiling/AttachHis/954d56a4-0b0e-405d-b877-e7696fef9fb8.pdf,,,,,,,,,,,,,,,
documents,documents.xlsx,1459,ULTRACEMCO,2023,,,,,,,,,,,,,,,,,,,,,,,,,,,,,,,https://www.bseindia.com/xml-data/corpfiling/AttachHis//26a2922a-4386-4819-a739-01f0196834a6.pdf,,,,,,,,,,,,,,,
documents,documents.xlsx,1460,ULTRACEMCO,2022,,,,,,,,,,,,,,,,,,,,,,,,,,,,,,,https://www.bseindia.com/bseplus/AnnualReport/532538/73874532538.pdf,,,,,,,,,,,,,,,
documents,documents.xlsx,1461,ULTRACEMCO,2021,,,,,,,,,,,,,,,,,,,,,,,,,,,,,,,https://www.bseindia.com/bseplus/AnnualReport/532538/69096532538.pdf,,,,,,,,,,,,,,,
documents,documents.xlsx,1462,ULTRACEMCO,2020,,,,,,,,,,,,,,,,,,,,,,,,,,,,,,,https://www.bseindia.com/bseplus/AnnualReport/532538/5325380320.pdf,,,,,,,,,,,,,,,
documents,documents.xlsx,1463,ULTRACEMCO,2019,,,,,,,,,,,,,,,,,,,,,,,,,,,,,,,https://www.bseindia.com/bseplus/AnnualReport/532538/5325380319.pdf,,,,,,,,,,,,,,,
documents,documents.xlsx,1464,ULTRACEMCO,2018,,,,,,,,,,,,,,,,,,,,,,,,,,,,,,,https://www.bseindia.com/bseplus/AnnualReport/532538/5325380318.pdf,,,,,,,,,,,,,,,
documents,documents.xlsx,1465,ULTRACEMCO,2017,,,,,,,,,,,,,,,,,,,,,,,,,,,,,,,https://www.bseindia.com/bseplus/AnnualReport/532538/5325380317.pdf,,,,,,,,,,,,,,,
documents,documents.xlsx,1466,ULTRACEMCO,2016,,,,,,,,,,,,,,,,,,,,,,,,,,,,,,,https://www.bseindia.com/bseplus/AnnualReport/532538/5325380316.pdf,,,,,,,,,,,,,,,
documents,documents.xlsx,1467,ULTRACEMCO,2015,,,,,,,,,,,,,,,,,,,,,,,,,,,,,,,https://www.bseindia.com/bseplus/AnnualReport/532538/5325380315.pdf,,,,,,,,,,,,,,,
documents,documents.xlsx,1468,ULTRACEMCO,2014,,,,,,,,,,,,,,,,,,,,,,,,,,,,,,,https://www.bseindia.com/bseplus/AnnualReport/532538/5325380314.pdf,,,,,,,,,,,,,,,
documents,documents.xlsx,1469,ULTRACEMCO,2013,,,,,,,,,,,,,,,,,,,,,,,,,,,,,,,https://www.bseindia.com/bseplus/AnnualReport/532538/5325380313.pdf,,,,,,,,,,,,,,,
documents,documents.xlsx,1470,ULTRACEMCO,2012,,,,,,,,,,,,,,,,,,,,,,,,,,,,,,,https://www.bseindia.com/bseplus/AnnualReport/532538/5325380312.pdf,,,,,,,,,,,,,,,
documents,documents.xlsx,1471,ULTRACEMCO,2011,,,,,,,,,,,,,,,,,,,,,,,,,,,,,,,Null,,,,,,,,,,,,,,,
documents,documents.xlsx,1472,ULTRACEMCO,2010,,,,,,,,,,,,,,,,,,,,,,,,,,,,,,,Null,,,,,,,,,,,,,,,
documents,documents.xlsx,1473,ULTRACEMCO,2009,,,,,,,,,,,,,,,,,,,,,,,,,,,,,,,Null,,,,,,,,,,,,,,,
documents,documents.xlsx,1474,UNIONBANK,2024,,,,,,,,,,,,,,,,,,,,,,,,,,,,,,,https://www.bseindia.com/xml-data/corpfiling/AttachHis/a59b26ca-8c5f-424f-ae8d-27c1b78e35f3.pdf,,,,,,,,,,,,,,,
documents,documents.xlsx,1475,UNIONBANK,2023,,,,,,,,,,,,,,,,,,,,,,,,,,,,,,,https://www.bseindia.com/xml-data/corpfiling/AttachHis//083844e2-7459-4598-a74d-1254dc28b4bc.pdf,,,,,,,,,,,,,,,
documents,documents.xlsx,1476,UNIONBANK,2022,,,,,,,,,,,,,,,,,,,,,,,,,,,,,,,https://www.bseindia.com/bseplus/AnnualReport/532477/73178532477.pdf,,,,,,,,,,,,,,,
documents,documents.xlsx,1477,UNIONBANK,2021,,,,,,,,,,,,,,,,,,,,,,,,,,,,,,,https://www.bseindia.com/bseplus/AnnualReport/532477/68848532477.pdf,,,,,,,,,,,,,,,
documents,documents.xlsx,1478,UNIONBANK,2020,,,,,,,,,,,,,,,,,,,,,,,,,,,,,,,https://www.bseindia.com/bseplus/AnnualReport/532477/5324770320.pdf,,,,,,,,,,,,,,,
documents,documents.xlsx,1479,UNIONBANK,2019,,,,,,,,,,,,,,,,,,,,,,,,,,,,,,,https://www.bseindia.com/bseplus/AnnualReport/532477/5324770319.pdf,,,,,,,,,,,,,,,
documents,documents.xlsx,1480,UNIONBANK,2018,,,,,,,,,,,,,,,,,,,,,,,,,,,,,,,https://www.bseindia.com/bseplus/AnnualReport/532477/5324770318.pdf,,,,,,,,,,,,,,,
documents,documents.xlsx,1481,UNIONBANK,2017,,,,,,,,,,,,,,,,,,,,,,,,,,,,,,,https://www.bseindia.com/bseplus/AnnualReport/532477/5324770317.pdf,,,,,,,,,,,,,,,
documents,documents.xlsx,1482,UNIONBANK,2016,,,,,,,,,,,,,,,,,,,,,,,,,,,,,,,https://www.bseindia.com/bseplus/AnnualReport/532477/5324770316.pdf,,,,,,,,,,,,,,,
documents,documents.xlsx,1483,UNIONBANK,2015,,,,,,,,,,,,,,,,,,,,,,,,,,,,,,,https://www.bseindia.com/bseplus/AnnualReport/532477/5324770315.pdf,,,,,,,,,,,,,,,
documents,documents.xlsx,1484,UNIONBANK,2014,,,,,,,,,,,,,,,,,,,,,,,,,,,,,,,https://www.bseindia.com/bseplus/AnnualReport/532477/5324770314.pdf,,,,,,,,,,,,,,,
documents,documents.xlsx,1485,UNIONBANK,2013,,,,,,,,,,,,,,,,,,,,,,,,,,,,,,,https://www.bseindia.com/bseplus/AnnualReport/532477/5324770313.pdf,,,,,,,,,,,,,,,
documents,documents.xlsx,1486,UNIONBANK,2012,,,,,,,,,,,,,,,,,,,,,,,,,,,,,,,https://www.bseindia.com/bseplus/AnnualReport/532477/5324770312.pdf,,,,,,,,,,,,,,,
documents,documents.xlsx,1487,UNIONBANK,2011,,,,,,,,,,,,,,,,,,,,,,,,,,,,,,,https://www.bseindia.com/bseplus/AnnualReport/532477/5324770311.pdf,,,,,,,,,,,,,,,
documents,documents.xlsx,1488,UNIONBANK,2010,,,,,,,,,,,,,,,,,,,,,,,,,,,,,,,Null,,,,,,,,,,,,,,,
documents,documents.xlsx,1489,UNIONBANK,2009,,,,,,,,,,,,,,,,,,,,,,,,,,,,,,,Null,,,,,,,,,,,,,,,
documents,documents.xlsx,1490,UNITDSPR,2024,,,,,,,,,,,,,,,,,,,,,,,,,,,,,,,https://www.bseindia.com/xml-data/corpfiling/AttachHis/5a3fca91-db50-4b8f-b441-b923f2fa20a5.pdf,,,,,,,,,,,,,,,
documents,documents.xlsx,1491,UNITDSPR,2023,,,,,,,,,,,,,,,,,,,,,,,,,,,,,,,https://www.bseindia.com/xml-data/corpfiling/AttachHis//a9f48c17-7320-41cd-8732-3fa67c480f1e.pdf,,,,,,,,,,,,,,,
documents,documents.xlsx,1492,UNITDSPR,2022,,,,,,,,,,,,,,,,,,,,,,,,,,,,,,,https://www.bseindia.com/bseplus/AnnualReport/532432/73716532432.pdf,,,,,,,,,,,,,,,
documents,documents.xlsx,1493,UNITDSPR,2021,,,,,,,,,,,,,,,,,,,,,,,,,,,,,,,https://www.bseindia.com/bseplus/AnnualReport/532432/69199532432.pdf,,,,,,,,,,,,,,,
documents,documents.xlsx,1494,UNITDSPR,2020,,,,,,,,,,,,,,,,,,,,,,,,,,,,,,,https://www.bseindia.com/bseplus/AnnualReport/532432/5324320320.pdf,,,,,,,,,,,,,,,
documents,documents.xlsx,1495,UNITDSPR,2019,,,,,,,,,,,,,,,,,,,,,,,,,,,,,,,https://www.bseindia.com/bseplus/AnnualReport/532432/5324320319.pdf,,,,,,,,,,,,,,,
documents,documents.xlsx,1496,UNITDSPR,2018,,,,,,,,,,,,,,,,,,,,,,,,,,,,,,,https://www.bseindia.com/bseplus/AnnualReport/532432/5324320318.pdf,,,,,,,,,,,,,,,
documents,documents.xlsx,1497,UNITDSPR,2017,,,,,,,,,,,,,,,,,,,,,,,,,,,,,,,https://www.bseindia.com/bseplus/AnnualReport/532432/5324320317.pdf,,,,,,,,,,,,,,,
documents,documents.xlsx,1498,UNITDSPR,2016,,,,,,,,,,,,,,,,,,,,,,,,,,,,,,,https://www.bseindia.com/bseplus/AnnualReport/532432/5324320316.pdf,,,,,,,,,,,,,,,
documents,documents.xlsx,1499,UNITDSPR,2015,,,,,,,,,,,,,,,,,,,,,,,,,,,,,,,https://www.bseindia.com/bseplus/AnnualReport/532432/5324320315.pdf,,,,,,,,,,,,,,,
documents,documents.xlsx,1500,UNITDSPR,2014,,,,,,,,,,,,,,,,,,,,,,,,,,,,,,,https://www.bseindia.com/bseplus/AnnualReport/532432/5324320314.pdf,,,,,,,,,,,,,,,
documents,documents.xlsx,1501,UNITDSPR,2013,,,,,,,,,,,,,,,,,,,,,,,,,,,,,,,https://www.bseindia.com/bseplus/AnnualReport/532432/5324320313.pdf,,,,,,,,,,,,,,,
documents,documents.xlsx,1502,UNITDSPR,2012,,,,,,,,,,,,,,,,,,,,,,,,,,,,,,,https://www.bseindia.com/bseplus/AnnualReport/532432/5324320312.pdf,,,,,,,,,,,,,,,
documents,documents.xlsx,1503,UNITDSPR,2011,,,,,,,,,,,,,,,,,,,,,,,,,,,,,,,Null,,,,,,,,,,,,,,,
documents,documents.xlsx,1504,UNITDSPR,2010,,,,,,,,,,,,,,,,,,,,,,,,,,,,,,,Null,,,,,,,,,,,,,,,
documents,documents.xlsx,1505,UNITDSPR,2009,,,,,,,,,,,,,,,,,,,,,,,,,,,,,,,Null,,,,,,,,,,,,,,,
documents,documents.xlsx,1506,VBL,2024,,,,,,,,,,,,,,,,,,,,,,,,,,,,,,,Null,,,,,,,,,,,,,,,
documents,documents.xlsx,1507,VBL,2023,,,,,,,,,,,,,,,,,,,,,,,,,,,,,,,https://www.bseindia.com/xml-data/corpfiling/AttachHis/2a9652ba-0b38-432b-8e1c-04a3c6a60cfd.pdf,,,,,,,,,,,,,,,
documents,documents.xlsx,1508,VBL,2022,,,,,,,,,,,,,,,,,,,,,,,,,,,,,,,https://www.bseindia.com/xml-data/corpfiling/AttachHis//357821ff-40cf-4624-82fa-1c19624da856.pdf,,,,,,,,,,,,,,,
documents,documents.xlsx,1509,VBL,2021,,,,,,,,,,,,,,,,,,,,,,,,,,,,,,,https://www.bseindia.com/bseplus/AnnualReport/540180/72941540180.pdf,,,,,,,,,,,,,,,
documents,documents.xlsx,1510,VBL,2020,,,,,,,,,,,,,,,,,,,,,,,,,,,,,,,https://www.bseindia.com/bseplus/AnnualReport/540180/68364540180.pdf,,,,,,,,,,,,,,,
documents,documents.xlsx,1511,VBL,2019,,,,,,,,,,,,,,,,,,,,,,,,,,,,,,,https://www.bseindia.com/bseplus/AnnualReport/540180/5401801219.pdf,,,,,,,,,,,,,,,
documents,documents.xlsx,1512,VBL,2018,,,,,,,,,,,,,,,,,,,,,,,,,,,,,,,https://www.bseindia.com/bseplus/AnnualReport/540180/5401801218.pdf,,,,,,,,,,,,,,,
documents,documents.xlsx,1513,VBL,2017,,,,,,,,,,,,,,,,,,,,,,,,,,,,,,,https://www.bseindia.com/bseplus/AnnualReport/540180/5401801217.pdf,,,,,,,,,,,,,,,
documents,documents.xlsx,1514,VBL,2016,,,,,,,,,,,,,,,,,,,,,,,,,,,,,,,https://www.bseindia.com/bseplus/AnnualReport/540180/5401801216.pdf,,,,,,,,,,,,,,,
documents,documents.xlsx,1515,VBL,2015,,,,,,,,,,,,,,,,,,,,,,,,,,,,,,,Null,,,,,,,,,,,,,,,
documents,documents.xlsx,1516,VBL,2014,,,,,,,,,,,,,,,,,,,,,,,,,,,,,,,Null,,,,,,,,,,,,,,,
documents,documents.xlsx,1517,VBL,2013,,,,,,,,,,,,,,,,,,,,,,,,,,,,,,,Null,,,,,,,,,,,,,,,
documents,documents.xlsx,1518,VBL,2012,,,,,,,,,,,,,,,,,,,,,,,,,,,,,,,Null,,,,,,,,,,,,,,,
documents,documents.xlsx,1519,VBL,2011,,,,,,,,,,,,,,,,,,,,,,,,,,,,,,,Null,,,,,,,,,,,,,,,
documents,documents.xlsx,1520,VBL,2010,,,,,,,,,,,,,,,,,,,,,,,,,,,,,,,Null,,,,,,,,,,,,,,,
documents,documents.xlsx,1521,VBL,2009,,,,,,,,,,,,,,,,,,,,,,,,,,,,,,,Null,,,,,,,,,,,,,,,
documents,documents.xlsx,1522,VEDL,2024,,,,,,,,,,,,,,,,,,,,,,,,,,,,,,,https://www.bseindia.com/xml-data/corpfiling/AttachHis/d4d3e3bc-fe5a-4184-b181-b5455d60f11a.pdf,,,,,,,,,,,,,,,
documents,documents.xlsx,1523,VEDL,2023,,,,,,,,,,,,,,,,,,,,,,,,,,,,,,,https://www.bseindia.com/xml-data/corpfiling/AttachHis//a04c4068-5204-4adb-8611-f12be2663d7d.pdf,,,,,,,,,,,,,,,
documents,documents.xlsx,1524,VEDL,2022,,,,,,,,,,,,,,,,,,,,,,,,,,,,,,,https://www.bseindia.com/bseplus/AnnualReport/500295/73739500295.pdf,,,,,,,,,,,,,,,
documents,documents.xlsx,1525,VEDL,2021,,,,,,,,,,,,,,,,,,,,,,,,,,,,,,,https://www.bseindia.com/bseplus/AnnualReport/500295/68971500295_28_09_21.pdf,,,,,,,,,,,,,,,
documents,documents.xlsx,1526,VEDL,2020,,,,,,,,,,,,,,,,,,,,,,,,,,,,,,,https://www.bseindia.com/bseplus/AnnualReport/500295/66998500295.pdf,,,,,,,,,,,,,,,
documents,documents.xlsx,1527,VEDL,2019,,,,,,,,,,,,,,,,,,,,,,,,,,,,,,,https://www.bseindia.com/bseplus/AnnualReport/500295/5002950319.pdf,,,,,,,,,,,,,,,
documents,documents.xlsx,1528,VEDL,2018,,,,,,,,,,,,,,,,,,,,,,,,,,,,,,,https://www.bseindia.com/bseplus/AnnualReport/500295/5002950318.pdf,,,,,,,,,,,,,,,
documents,documents.xlsx,1529,VEDL,2017,,,,,,,,,,,,,,,,,,,,,,,,,,,,,,,https://www.bseindia.com/bseplus/AnnualReport/500295/5002950317.pdf,,,,,,,,,,,,,,,
documents,documents.xlsx,1530,VEDL,2016,,,,,,,,,,,,,,,,,,,,,,,,,,,,,,,https://www.bseindia.com/bseplus/AnnualReport/500295/5002950316.pdf,,,,,,,,,,,,,,,
documents,documents.xlsx,1531,VEDL,2015,,,,,,,,,,,,,,,,,,,,,,,,,,,,,,,https://www.bseindia.com/bseplus/AnnualReport/500295/5002950315.pdf,,,,,,,,,,,,,,,
documents,documents.xlsx,1532,VEDL,2014,,,,,,,,,,,,,,,,,,,,,,,,,,,,,,,https://www.bseindia.com/bseplus/AnnualReport/500295/5002950312.pdf,,,,,,,,,,,,,,,
documents,documents.xlsx,1533,VEDL,2013,,,,,,,,,,,,,,,,,,,,,,,,,,,,,,,https://www.bseindia.com/bseplus/AnnualReport/500295/5002950312.pdf,,,,,,,,,,,,,,,
documents,documents.xlsx,1534,VEDL,2012,,,,,,,,,,,,,,,,,,,,,,,,,,,,,,,https://www.bseindia.com/bseplus/AnnualReport/500295/5002950312.pdf,,,,,,,,,,,,,,,
documents,documents.xlsx,1535,VEDL,2011,,,,,,,,,,,,,,,,,,,,,,,,,,,,,,,https://www.bseindia.com/bseplus/AnnualReport/500295/5002950311.pdf,,,,,,,,,,,,,,,
documents,documents.xlsx,1536,VEDL,2010,,,,,,,,,,,,,,,,,,,,,,,,,,,,,,,Null,,,,,,,,,,,,,,,
documents,documents.xlsx,1537,VEDL,2009,,,,,,,,,,,,,,,,,,,,,,,,,,,,,,,Null,,,,,,,,,,,,,,,
documents,documents.xlsx,1538,WIPRO,2024,,,,,,,,,,,,,,,,,,,,,,,,,,,,,,,https://www.bseindia.com/xml-data/corpfiling/AttachHis/53cec073-5278-4dcd-9066-2fd101023af5.pdf,,,,,,,,,,,,,,,
documents,documents.xlsx,1539,WIPRO,2023,,,,,,,,,,,,,,,,,,,,,,,,,,,,,,,https://www.bseindia.com/xml-data/corpfiling/AttachHis//ea6ff555-0162-4acf-98b2-0ef7a7a26699.pdf,,,,,,,,,,,,,,,
documents,documents.xlsx,1540,WIPRO,2022,,,,,,,,,,,,,,,,,,,,,,,,,,,,,,,https://www.bseindia.com/bseplus/AnnualReport/507685/73311507685.pdf,,,,,,,,,,,,,,,
documents,documents.xlsx,1541,WIPRO,2021,,,,,,,,,,,,,,,,,,,,,,,,,,,,,,,https://www.bseindia.com/bseplus/AnnualReport/507685/68597507685.pdf,,,,,,,,,,,,,,,
documents,documents.xlsx,1542,WIPRO,2020,,,,,,,,,,,,,,,,,,,,,,,,,,,,,,,https://www.bseindia.com/bseplus/AnnualReport/507685/5076850320.pdf,,,,,,,,,,,,,,,
documents,documents.xlsx,1543,WIPRO,2019,,,,,,,,,,,,,,,,,,,,,,,,,,,,,,,https://www.bseindia.com/bseplus/AnnualReport/507685/5076850319.pdf,,,,,,,,,,,,,,,
documents,documents.xlsx,1544,WIPRO,2018,,,,,,,,,,,,,,,,,,,,,,,,,,,,,,,https://www.bseindia.com/bseplus/AnnualReport/507685/5076850318.pdf,,,,,,,,,,,,,,,
documents,documents.xlsx,1545,WIPRO,2017,,,,,,,,,,,,,,,,,,,,,,,,,,,,,,,https://www.bseindia.com/bseplus/AnnualReport/507685/5076850317.pdf,,,,,,,,,,,,,,,
documents,documents.xlsx,1546,WIPRO,2016,,,,,,,,,,,,,,,,,,,,,,,,,,,,,,,https://www.bseindia.com/bseplus/AnnualReport/507685/5076850316.pdf,,,,,,,,,,,,,,,
documents,documents.xlsx,1547,WIPRO,2015,,,,,,,,,,,,,,,,,,,,,,,,,,,,,,,https://www.bseindia.com/bseplus/AnnualReport/507685/5076850315.pdf,,,,,,,,,,,,,,,
documents,documents.xlsx,1548,WIPRO,2014,,,,,,,,,,,,,,,,,,,,,,,,,,,,,,,https://www.bseindia.com/bseplus/AnnualReport/507685/5076850314.pdf,,,,,,,,,,,,,,,
documents,documents.xlsx,1549,WIPRO,2013,,,,,,,,,,,,,,,,,,,,,,,,,,,,,,,https://www.bseindia.com/bseplus/AnnualReport/507685/5076850313.pdf,,,,,,,,,,,,,,,
documents,documents.xlsx,1550,WIPRO,2012,,,,,,,,,,,,,,,,,,,,,,,,,,,,,,,https://www.bseindia.com/bseplus/AnnualReport/507685/5076850312.pdf,,,,,,,,,,,,,,,
documents,documents.xlsx,1551,WIPRO,2011,,,,,,,,,,,,,,,,,,,,,,,,,,,,,,,https://www.bseindia.com/bseplus/AnnualReport/507685/5076850311.pdf,,,,,,,,,,,,,,,
documents,documents.xlsx,1552,WIPRO,2010,,,,,,,,,,,,,,,,,,,,,,,,,,,,,,,Null,,,,,,,,,,,,,,,
documents,documents.xlsx,1553,WIPRO,2009,,,,,,,,,,,,,,,,,,,,,,,,,,,,,,,Null,,,,,,,,,,,,,,,
documents,documents.xlsx,1554,ZOMATO,2024,,,,,,,,,,,,,,,,,,,,,,,,,,,,,,,https://www.bseindia.com/xml-data/corpfiling/AttachHis/629bfe24-4e55-4b14-957e-8c8bc5828ff0.pdf,,,,,,,,,,,,,,,
documents,documents.xlsx,1555,ZOMATO,2023,,,,,,,,,,,,,,,,,,,,,,,,,,,,,,,https://www.bseindia.com/xml-data/corpfiling/AttachHis/0e0e9b68-2d04-41bf-9f59-fb539e330baf.pdf,,,,,,,,,,,,,,,
documents,documents.xlsx,1556,ZOMATO,2022,,,,,,,,,,,,,,,,,,,,,,,,,,,,,,,https://www.bseindia.com/bseplus/AnnualReport/543320/74160543320.pdf,,,,,,,,,,,,,,,
documents,documents.xlsx,1557,ZOMATO,2021,,,,,,,,,,,,,,,,,,,,,,,,,,,,,,,Null,,,,,,,,,,,,,,,
documents,documents.xlsx,1558,ZOMATO,2020,,,,,,,,,,,,,,,,,,,,,,,,,,,,,,,Null,,,,,,,,,,,,,,,
documents,documents.xlsx,1559,ZOMATO,2019,,,,,,,,,,,,,,,,,,,,,,,,,,,,,,,Null,,,,,,,,,,,,,,,
documents,documents.xlsx,1560,ZOMATO,2018,,,,,,,,,,,,,,,,,,,,,,,,,,,,,,,Null,,,,,,,,,,,,,,,
documents,documents.xlsx,1561,ZOMATO,2017,,,,,,,,,,,,,,,,,,,,,,,,,,,,,,,Null,,,,,,,,,,,,,,,
documents,documents.xlsx,1562,ZOMATO,2016,,,,,,,,,,,,,,,,,,,,,,,,,,,,,,,Null,,,,,,,,,,,,,,,
documents,documents.xlsx,1563,ZOMATO,2015,,,,,,,,,,,,,,,,,,,,,,,,,,,,,,,Null,,,,,,,,,,,,,,,
documents,documents.xlsx,1564,ZOMATO,2014,,,,,,,,,,,,,,,,,,,,,,,,,,,,,,,Null,,,,,,,,,,,,,,,
documents,documents.xlsx,1565,ZOMATO,2013,,,,,,,,,,,,,,,,,,,,,,,,,,,,,,,Null,,,,,,,,,,,,,,,
documents,documents.xlsx,1566,ZOMATO,2012,,,,,,,,,,,,,,,,,,,,,,,,,,,,,,,Null,,,,,,,,,,,,,,,
documents,documents.xlsx,1567,ZOMATO,2011,,,,,,,,,,,,,,,,,,,,,,,,,,,,,,,Null,,,,,,,,,,,,,,,
documents,documents.xlsx,1568,ZOMATO,2010,,,,,,,,,,,,,,,,,,,,,,,,,,,,,,,Null,,,,,,,,,,,,,,,
documents,documents.xlsx,1569,ZOMATO,2009,,,,,,,,,,,,,,,,,,,,,,,,,,,,,,,Null,,,,,,,,,,,,,,,
documents,documents.xlsx,1570,ZYDUSLIFE,2024,,,,,,,,,,,,,,,,,,,,,,,,,,,,,,,https://www.bseindia.com/xml-data/corpfiling/AttachHis/cb20386b-4a53-40b3-a9fb-dc63f99696f3.pdf,,,,,,,,,,,,,,,
documents,documents.xlsx,1571,ZYDUSLIFE,2023,,,,,,,,,,,,,,,,,,,,,,,,,,,,,,,https://www.bseindia.com/xml-data/corpfiling/AttachHis//fca8fc8e-6400-47eb-bbbe-1eaefff703d4.pdf,,,,,,,,,,,,,,,
documents,documents.xlsx,1572,ZYDUSLIFE,2022,,,,,,,,,,,,,,,,,,,,,,,,,,,,,,,https://www.bseindia.com/bseplus/AnnualReport/532321/73737532321.pdf,,,,,,,,,,,,,,,
documents,documents.xlsx,1573,ZYDUSLIFE,2021,,,,,,,,,,,,,,,,,,,,,,,,,,,,,,,https://www.bseindia.com/bseplus/AnnualReport/532321/68976532321.pdf,,,,,,,,,,,,,,,
documents,documents.xlsx,1574,ZYDUSLIFE,2020,,,,,,,,,,,,,,,,,,,,,,,,,,,,,,,https://www.bseindia.com/bseplus/AnnualReport/532321/5323210320.pdf,,,,,,,,,,,,,,,
documents,documents.xlsx,1575,ZYDUSLIFE,2019,,,,,,,,,,,,,,,,,,,,,,,,,,,,,,,https://www.bseindia.com/bseplus/AnnualReport/532321/5323210319.pdf,,,,,,,,,,,,,,,
documents,documents.xlsx,1576,ZYDUSLIFE,2018,,,,,,,,,,,,,,,,,,,,,,,,,,,,,,,https://www.bseindia.com/bseplus/AnnualReport/532321/5323210318.pdf,,,,,,,,,,,,,,,
documents,documents.xlsx,1577,ZYDUSLIFE,2017,,,,,,,,,,,,,,,,,,,,,,,,,,,,,,,https://www.bseindia.com/bseplus/AnnualReport/532321/5323210317.pdf,,,,,,,,,,,,,,,
documents,documents.xlsx,1578,ZYDUSLIFE,2016,,,,,,,,,,,,,,,,,,,,,,,,,,,,,,,https://www.bseindia.com/bseplus/AnnualReport/532321/5323210316.pdf,,,,,,,,,,,,,,,
documents,documents.xlsx,1579,ZYDUSLIFE,2015,,,,,,,,,,,,,,,,,,,,,,,,,,,,,,,https://www.bseindia.com/bseplus/AnnualReport/532321/5323210315.pdf,,,,,,,,,,,,,,,
documents,documents.xlsx,1580,ZYDUSLIFE,2014,,,,,,,,,,,,,,,,,,,,,,,,,,,,,,,https://www.bseindia.com/bseplus/AnnualReport/532321/5323210314.pdf,,,,,,,,,,,,,,,
documents,documents.xlsx,1581,ZYDUSLIFE,2013,,,,,,,,,,,,,,,,,,,,,,,,,,,,,,,https://www.bseindia.com/bseplus/AnnualReport/532321/5323210313.pdf,,,,,,,,,,,,,,,
documents,documents.xlsx,1582,ZYDUSLIFE,2012,,,,,,,,,,,,,,,,,,,,,,,,,,,,,,,https://www.bseindia.com/bseplus/AnnualReport/532321/5323210312.pdf,,,,,,,,,,,,,,,
documents,documents.xlsx,1583,ZYDUSLIFE,2011,,,,,,,,,,,,,,,,,,,,,,,,,,,,,,,https://www.bseindia.com/bseplus/AnnualReport/532321/5323210311.pdf,,,,,,,,,,,,,,,
documents,documents.xlsx,1584,ZYDUSLIFE,2010,,,,,,,,,,,,,,,,,,,,,,,,,,,,,,,Null,,,,,,,,,,,,,,,
documents,documents.xlsx,1585,ZYDUSLIFE,2009,,,,,,,,,,,,,,,,,,,,,,,,,,,,,,,Null,,,,,,,,,,,,,,,
prosandcons,prosandcons.xlsx,12,WIPRO,,,,,,,,,,,,,,,,,,,,,,,,,,,,,,,,,,The company has delivered a poor sales growth of 8.75% over past five years.,,,,,,,,,,,,,
prosandcons,prosandcons.xlsx,13,WIPRO,,,,,,,,,,,,,,,,,,,,,,,,,,,,,,,,,,Dividend payout has been low at 12.2% of profits over last 3 years,,,,,,,,,,,,,
financial_ratios,financial_ratios.xlsx,1149,ULTRACEMCO,2013,,,,,,,,,,,,,,,,,,,,,,,,,,,,,,,,,,13.1,24.0,17.65,0.4821,20.4087,0.6935,-744.0,4362.0,98.0,5.558,9.0,7342.0,3618.0
financial_ratios,financial_ratios.xlsx,1150,ULTRACEMCO,2014,,,,,,,,,,,,,,,,,,,,,,,,,,,,,,,,,,10.68,19.0,12.88,0.4267,12.0693,0.6441,1113.0,2342.0,80.0,6.2708,11.0,7332.0,3455.0
financial_ratios,financial_ratios.xlsx,1151,ULTRACEMCO,2015,,,,,,,,,,,,,,,,,,,,,,,,,,,,,,,,,,9.02,19.0,11.04,0.5162,8.1346,0.6125,2046.0,2144.0,76.0,6.9493,12.0,9829.0,4190.0
financial_ratios,financial_ratios.xlsx,1152,ULTRACEMCO,2016,,,,,,,,,,,,,,,,,,,,,,,,,,,,,,,,,,9.86,19.0,11.3,0.4838,9.4788,0.6106,853.0,3673.0,90.0,8.0091,11.0,10616.0,4526.0
financial_ratios,financial_ratios.xlsx,1153,ULTRACEMCO,2017,,,,,,,,,,,,,,,,,,,,,,,,,,,,,,,,,,10.7,21.0,11.13,0.3474,9.1562,0.6012,2504.0,2501.0,99.0,8.8698,10.0,8474.0,5005.0
financial_ratios,financial_ratios.xlsx,1154,ULTRACEMCO,2018,,,,,,,,,,,,,,,,,,,,,,,,,,,,,,,,,,7.180000000000001,20.0,8.43,0.7384,5.1591,0.5422,5754.0,1866.0,81.0,9.5935,13.0,19480.0,3888.0
financial_ratios,financial_ratios.xlsx,1155,ULTRACEMCO,2019,,,,,,,,,,,,,,,,,,,,,,,,,,,,,,,,,,5.79,18.0,7.109999999999999,0.7507,4.329,0.5418,7121.0,1165.0,88.0,12.2731,13.0,25337.0,5956.0
financial_ratios,financial_ratios.xlsx,1156,ULTRACEMCO,2020,,,,,,,,,,,,,,,,,,,,,,,,,,,,,,,,,,13.55,22.0,14.73,0.5896,4.9684,0.5356,4780.0,4192.0,199.0,13.51,7.0,23019.0,8972.0
financial_ratios,financial_ratios.xlsx,1157,ULTRACEMCO,2021,,,,,,,,,,,,,,,,,,,,,,,,,,,,,,,,,,12.21,26.0,12.36,0.4917,8.2012,0.519,3644.0,8856.0,189.0,15.2855,20.0,21719.0,12500.0
financial_ratios,financial_ratios.xlsx,1158,ULTRACEMCO,2022,,,,,,,,,,,,,,,,,,,,,,,,,,,,,,,,,,13.94,22.0,14.54,0.224,12.8921,0.6276,11540.0,2257.0,254.0,17.4519,15.0,11299.0,9283.0
financial_ratios,financial_ratios.xlsx,1159,ULTRACEMCO,2023,,,,,,,,,,,,,,,,,,,,,,,,,,,,,,,,,,8.02,17.0,9.34,0.2036,13.52,0.6921,1881.0,7188.0,175.0,18.7976,22.0,11058.0,9069.0
financial_ratios,financial_ratios.xlsx,1160,ULTRACEMCO,2024,,,,,,,,,,,,,,,,,,,,,,,,,,,,,,,,,,9.879999999999999,18.0,11.63,0.1893,13.9835,0.7035,2109.0,8789.0,243.0,20.8401,29.0,11403.0,10898.0
financial_ratios,financial_ratios.xlsx,1161,UNIONBANK,2013,,,,,,,,,,,,,,,,,,,,,,,,,,,,,,,,,,8.53,1.0,12.39,16.6054,0.1817,0.0804,-4588.0,343.0,36.0,2.901,22.0,287589.0,-4245.0
financial_ratios,financial_ratios.xlsx,1162,UNIONBANK,2014,,,,,,,,,,,,,,,,,,,,,,,,,,,,,,,,,,5.74,-3.0,9.049999999999999,17.5528,0.1043,0.0828,2207.0,363.0,27.0,2.9578,15.0,327078.0,2570.0
financial_ratios,financial_ratios.xlsx,1163,UNIONBANK,2015,,,,,,,,,,,,,,,,,,,,,,,,,,,,,,,,,,5.510000000000001,-3.0,8.9,17.7204,0.1262,0.0839,-3885.0,318.0,28.0,3.1288,22.0,352618.0,-3567.0
financial_ratios,financial_ratios.xlsx,1164,UNIONBANK,2016,,,,,,,,,,,,,,,,,,,,,,,,,,,,,,,,,,4.17,-6.0,5.84,16.2597,0.084,0.0793,72.0,9.0,20.0,3.3549,10.0,374754.0,81.0
financial_ratios,financial_ratios.xlsx,1165,UNIONBANK,2017,,,,,,,,,,,,,,,,,,,,,,,,,,,,,,,,,,1.75,-15.0,2.38,17.3669,0.0252,0.072,-6904.0,280.0,8.0,3.507,0.0,418420.0,-6624.0
financial_ratios,financial_ratios.xlsx,1166,UNIONBANK,2018,,,,,,,,,,,,,,,,,,,,,,,,,,,,,,,,,,-15.82,-36.0,-20.64,18.0567,-0.2658,0.0671,5782.0,315.0,-45.0,2.1601,0.0,455969.0,6097.0
financial_ratios,financial_ratios.xlsx,1167,UNIONBANK,2019,,,,,,,,,,,,,,,,,,,,,,,,,,,,,,,,,,-8.52,-25.0,-10.89,17.1702,-0.1489,0.0688,-8075.0,297.0,-17.0,1.5222,0.0,460780.0,-7778.0
financial_ratios,financial_ratios.xlsx,1168,UNIONBANK,2020,,,,,,,,,,,,,,,,,,,,,,,,,,,,,,,,,,-8.33,-25.0,-9.180000000000001,14.8617,-0.1445,0.0675,-81.0,4.0,-9.0,0.993,0.0,505150.0,-77.0
financial_ratios,financial_ratios.xlsx,1169,UNIONBANK,2021,,,,,,,,,,,,,,,,,,,,,,,,,,,,,,,,,,4.130000000000001,-16.0,4.42,15.1005,0.0734,0.064,19926.0,601.0,4.0,1.0104,0.0,977576.0,20527.0
financial_ratios,financial_ratios.xlsx,1170,UNIONBANK,2022,,,,,,,,,,,,,,,,,,,,,,,,,,,,,,,,,,7.720000000000001,-6.0,7.430000000000001,15.3203,0.2317,0.0572,35781.0,558.0,8.0,1.0367,25.0,1085613.0,36339.0
financial_ratios,financial_ratios.xlsx,1171,UNIONBANK,2023,,,,,,,,,,,,,,,,,,,,,,,,,,,,,,,,,,10.49,-4.0,10.8,14.7589,0.2684,0.063,3495.0,2561.0,12.0,1.1529,24.0,1163059.0,6056.0
financial_ratios,financial_ratios.xlsx,1172,UNIONBANK,2024,,,,,,,,,,,,,,,,,,,,,,,,,,,,,,,,,,13.75,5.0,14.14,12.8237,0.3536,0.0716,18536.0,1394.0,18.0,1.2785,20.0,1251568.0,19930.0
